promedio_academico,inasistencia,horas_estudio,motivacion_estres,riesgo
3.982802218501835,43.88784397520523,25.757937597341474,6.973680290593639,23.56537141854557
0.9237980654944229,97.5622351636756,22.83419105971059,7.860643052769538,90.1842105263158
1.0765113470399563,45.038593789556714,11.123940726977438,9.267649888486018,49.440827211150896
3.3973930403629904,82.276161327083,13.302425964819934,2.272387217847769,56.548976812062584
2.9956315415712567,6.381725610417533,24.828935159777462,6.316643991220649,23.84621478266732
3.9113948303841823,35.45259681298683,29.1209407318471,8.931211213221976,23.493218389660438
4.002725736831929,19.463870785196757,14.001630111811025,0.43803765787228777,23.45965500061882
1.1943027143039653,68.30489532424546,22.342864677234513,9.6750973243421,89.98810148206452
1.9662141116216838,37.045970603486886,14.086674338274237,1.894713590842857,56.26422138344055
1.0846467740096224,47.57049262259338,6.807280471526523,6.698139946825103,58.4991457977923
2.4671836349254885,83.26781960578374,21.007953060067475,3.123666413820411,89.0203244463445
4.245169106278405,80.47643574968019,11.624351370905234,2.883281039302441,53.07256469338264
3.57122976788739,13.97524836093098,5.997246074253249,0.07362269751005512,35.96204976449399
4.041159698759623,66.48508565920321,21.154961358790054,7.807290310219679,45.58860117709906
2.56512098992253,56.87411959528937,4.193909943829723,1.1453007353597344,76.66072817630054
3.5078133280571224,47.10962061431325,16.957083194435665,7.649988574160256,36.08176382883719
3.3562324400026586,55.35794006579958,16.776214822362405,3.039500980626122,55.89048240282697
0.6386802555557274,43.671738923236234,6.437540184585876,4.085286437246362,69.3100076253653
4.340313829706748,23.393948586534073,1.7490822506719805,2.8138389202199656,31.11776479186627
1.8211719099500763,66.1916514726895,16.71096457023835,7.8389820910641355,89.73351163942034
3.4894109314732438,40.63868614400705,24.42061153998104,1.669729199077039,45.999011758821084
0.6022043291023722,9.004786077564175,21.67078051789351,4.618772302513873,45.63794022553375
1.225723005651208,50.10447751033635,4.5693630813950525,6.96320375077736,56.34772740919203
2.507703240083138,38.10212260964825,9.045362674436296,6.302825931188885,60.76817345304969
2.128156747490257,8.7649919316101,3.5401770636154595,9.618976645495145,46.33818613177758
4.588613108184232,69.97071338107496,7.9760988437855875,9.69176377347724,45.87316593294392
4.004379067846076,71.68901891589957,13.48084506431366,2.72241561845159,56.10115440956863
0.9337593296907468,90.26023965438416,13.673288695008331,2.023633647952303,90.1842105263158
1.8768048086779363,57.9219568941896,5.303183488176951,8.566142840923755,75.89158047219887
3.9133378842584454,71.94629559509367,12.96279119325311,6.2730884070244315,45.87911722422076
3.12844086010731,64.984660155482,2.5333296341966727,4.1580740217060965,69.26622907199922
0.6872637823785162,49.39908192445189,9.89583636998356,1.445241888660469,59.144170314686555
0.9653133547514824,58.7644572177712,5.117789056106583,9.251201183767972,80.38665169670051
3.1147751286517775,34.686980453483706,17.727464744442504,0.22803871029697498,45.89287067784108
4.813516459586504,48.23034369429002,23.482056817508585,0.8272999992243857,37.570143453473584
2.6899624887717217,49.07069943545209,28.134793649249485,5.717280523760754,27.139868460281885
2.630702304756292,26.69756630918936,9.947069920276565,5.206724024715378,50.98393437105784
2.47510157137271,2.1612079880330426,24.788757725830735,8.961607718397667,23.53736132028818
1.1311209004937486,55.40361435390494,3.2572722340633065,6.722400930398117,66.33630979813252
1.7655520272755374,65.94226346919018,21.80983842860648,7.68647491917657,89.70277168414049
0.9848342568015345,91.60118451376078,6.9064197268464245,0.3741255617617978,90.1842105263158
2.996836112261675,37.092228386243875,24.893692293972396,8.082514720643019,23.760950359475412
1.927125017702219,95.28993950697449,8.727535144203559,5.150571292317146,90.1842105263158
1.6518429075542125,93.60435700489633,4.938234527460544,0.4491061939232899,90.1842105263158
2.4579367700136707,99.2375564055837,26.750317987647417,7.486080194569492,89.04512356770968
4.508566208953362,89.34466396978632,15.565750811593471,3.1592905183079303,45.99395633618647
3.974055944499446,66.16612631677611,11.209731866211301,0.9446666806151527,56.65447526255146
3.860553251070617,26.246051592286467,28.104394516013375,2.4097057500568475,37.33658435628429
1.052410695851687,83.11126721249062,4.5985294987348215,1.7926830815773909,90.1842105263158
3.197222561843796,87.45620408374644,5.893039971437197,3.1032367290009475,69.28642116226894
3.998321772085299,97.18264260609673,15.02223558607027,1.4389750255125078,56.105212889446754
0.5627132946869069,22.965602999885526,3.9546665335956313,6.776586736128575,47.7879363724601
1.0482462708283902,50.6329931620633,20.827873069286593,5.811166092209024,50.97633853031586
1.3989904324702593,80.41245261822627,21.46221388847405,7.389840039155418,90.1842105263158
1.0897598820079097,12.375380365034461,27.82687653019523,3.9757819382494066,45.840016773612476
1.8542691130142288,48.85840453515333,19.885926382907474,9.5562325704697,45.864040767027156
1.7890080209692476,92.48084293120272,0.7457847415876895,5.551980423268247,90.1842105263158
3.352888002564883,10.58974037507533,4.210187911917379,4.191143193163038,38.556236747263206
4.848043604644317,59.604255323437286,27.990696648006338,8.043609156129708,38.4440320573508
2.6032172069988118,78.47634492521874,0.5351035193096321,1.0914399676573494,84.38139207185203
4.232428766972314,79.68170883251618,6.979222258993011,5.307695905990535,53.489088828651084
3.2270711931500493,86.77389537760112,18.093214720161768,4.1257156927368035,55.13596215481611
2.183828195332322,42.58820863735099,19.557930767399224,8.674906317523249,45.97145463714049
2.5425359693433487,24.783956295135813,7.099870889927434,7.460142802434464,46.42295684002377
4.1745594354075966,10.527807985412496,1.9967657086553448,5.944336637564518,35.839867187718646
1.1577795988671422,82.46641904563413,9.310040217722232,1.4387193297114265,90.1842105263158
4.644367126193526,16.553172273527817,8.541602470138066,1.5361339519205863,22.23707900459505
1.0197052864940974,2.1148016336440034,1.6618622749278034,1.746414709358527,56.282989197319864
0.7402186968222892,59.11438161109712,20.42143580398519,3.936304568320282,82.53611401859101
1.9309599362842222,50.45262370222301,26.250148267038256,8.51131626822206,47.58918254290572
0.6956377790575637,18.14984095965241,7.1023461331318805,2.493875758322118,55.940337505669376
3.0705469328424773,41.62624257031923,1.4776235978278196,3.736141384595716,45.87097866930488
2.8568882692293673,10.167190290371597,25.00375661365679,0.5196186646510426,31.466017058517327
4.66178841058128,9.91131415798755,25.307248547932584,9.026531439276171,7.428571428571429
4.908068062639667,80.20258802735935,23.38432622313987,6.424832759955477,40.45872658983434
4.00548359560158,13.455220841314707,16.082041078429118,5.142228701904145,23.362937611873345
4.359074648551509,46.27993655935158,11.552684883010604,6.395632712371101,29.990373877916287
1.6990849287538072,13.976841095395686,14.336318220712375,4.16889368594885,45.991789222449455
1.5465647323799316,36.7511810115128,10.991773494787422,3.2749556441254546,58.39771131763568
2.20758835877118,68.57433454559454,8.906294237138559,9.488579267153405,89.69114460021612
4.623566087921801,48.09104283000786,9.850836150140664,5.354347898300031,23.711536284904838
4.31852219948131,65.2587340560102,24.131754838412323,5.327222760657402,40.309901119667366
3.3481293317042935,28.815561418246173,22.046794869308723,2.0240459312571835,42.994166304099544
3.626591579683242,86.0719068325894,3.963085119046318,6.143797405419198,69.32385019952476
0.9279308670347057,72.57156282714269,2.5347965647056068,9.35939822700626,90.1842105263158
1.1183356851701096,95.88802459090803,24.0265252825529,5.936820044663541,90.1842105263158
4.021808470832961,79.51148389830858,28.380811884519908,2.533833538391872,69.21405240959402
3.155341529112391,9.504919756440122,18.48497100072364,1.712913040927888,23.45112231259353
3.0422777516259885,57.24305140338497,13.97955458943682,5.226317755131228,45.751595089791856
3.9376552550296458,79.92447165120666,14.764596467262873,5.995934415226123,45.86676769581244
4.6905630606054585,11.97335885011228,3.513106977003315,0.8770901191076841,23.333333333333318
3.4603847826823753,41.860830079037946,23.229642484255297,6.7123141330859255,23.66956474532986
2.0013699124770716,89.83665473615358,22.87596441211957,2.705349409101757,90.1811015829584
2.138864079974243,31.44399802042629,4.72834945874999,1.4778337254219165,69.24788116356204
4.712573585190849,43.79040371987533,11.499594683322295,7.296857086773779,23.555598447533768
2.9884687936380496,93.61399868384622,23.409044817281767,4.793695641245403,70.56193318760926
2.193617630663718,98.6631544924322,21.532807080109304,9.511946600038412,89.72563594405966
1.0331535974766861,85.05336791907825,19.112216519736226,1.2192167833511258,90.1842105263158
3.147160999861493,68.60963651054487,0.36908057665808514,4.543179618417465,69.27198316034851
4.214297800383445,29.535902534408986,13.756442453956533,4.423141270678932,33.668814446754034
1.8586732614912123,91.84418955155542,23.438821062945475,1.105884109961105,90.1842105263158
4.986655960269079,87.92000243077453,8.51725313592117,8.368965796609382,45.83196223981048
0.9788878934212228,99.91047304742386,19.970542083196108,6.50125015558797,90.1842105263158
0.9069832714285974,89.70333988966253,0.8699850961340827,2.4082805804114704,90.1842105263158
1.1435984382498576,77.67679406922186,5.946126816386936,9.106382271308853,90.1842105263158
3.453210676973706,3.6162710494696215,0.16289502386101384,0.5165791701439892,36.058361803270685
3.2266632994147746,80.14818108594153,7.156584618821654,8.494088429230729,69.28495953446414
0.7575437306896717,80.09638536416762,27.833862905168413,7.721083991043805,90.1842105263158
3.6415435279038673,83.7980218655383,1.2045389864119926,2.017821107190554,69.32163305220709
1.062156556875394,50.453099019298655,22.355643849865334,6.300118445763987,49.96913220747144
4.330089948928707,15.521299244109088,22.038632758054845,1.930414908689041,12.518576502171339
1.7184143809301011,70.99046972813039,29.406143546960454,6.115436059770696,90.1842105263158
0.7452514174608302,61.63089699275328,1.2705165474050129,8.841457113668172,89.15030179555059
3.6931022829527933,17.31278464225032,2.7516301747259417,1.8353322888031898,36.06455908060466
4.910122307993866,45.856064245848984,23.522428450242238,6.364083421077769,41.282150587840356
3.075859174813868,14.51302546650497,28.38073360674285,3.0134263251471793,23.50175809995575
3.10107747113394,69.97759445890661,19.476994657359267,9.405944096955185,45.750513567601786
1.167975454640261,50.83527384469421,12.121031722222979,4.741687294826181,52.26826103518588
1.0364788678898509,13.409460987276534,8.34226637343772,3.047046037608313,54.718101257516466
2.4255644615660747,61.09875470366283,19.03887352254789,4.118108965855702,89.07954770091925
2.339523992429137,21.762852669696198,17.649187452270247,3.170409113172379,48.852697173684795
0.6622692542481367,41.84000441568604,14.22398025270511,2.25592868204211,56.29633546427229
3.0760606990495205,56.5771900431921,21.06006543331114,6.4794848220121,34.93541167443694
3.435948754344642,31.621415182404313,23.622966659578616,5.491443835996794,29.235950636356552
2.4413818783095054,62.60124809410571,10.819720033507629,5.127392446067582,89.08936600384492
3.8151755981699913,88.64028867237077,27.63171591885575,5.036329251830992,40.90173402731986
2.841238016332561,79.98704107638365,9.433520752326038,8.373823623450686,64.30942075296046
2.7236374093284055,11.585672433526838,2.161774412188311,8.419932110394631,46.436658701643424
0.7500556260809506,28.06114361336559,10.023901215046374,1.729944451915938,57.60125550636353
1.9125201641089515,74.26925667250856,0.44048530680212306,8.271734245206865,90.1842105263158
4.354466106085512,37.226157319154815,4.608386971819044,6.008404079450809,29.152500356697185
1.0385265013920244,36.49193610782525,28.75287542702917,9.95464472583637,45.973824913170226
3.974472011095635,31.09615099207662,20.629951474982775,7.054063654840127,31.43174289366704
2.245287628236424,64.08886345861595,0.3218293492702873,2.0905765860224146,89.46999960817661
2.8628973633526753,16.37513042582959,4.977206036296009,8.363042905502379,41.117022802818354
4.951098512076225,55.596942802844836,25.172091926451404,9.903216643262725,39.24269779226738
1.1371814985594861,44.824561325435106,11.777181475257596,0.8004928364618502,57.25032306922724
3.89898577757635,43.3779027322593,14.079808025712039,1.5067297381324019,45.88621067257457
1.3141699350389064,90.7103622156215,1.3394726692283665,2.3285228494370624,90.1842105263158
1.8142669864153775,49.01975424015864,17.593355190443877,4.932899758506666,47.09850712534167
0.8785190055059691,24.366745405571354,25.307651542876236,6.375887004784591,36.3153291500564
3.4211707256042345,67.0203255351355,22.887090571185873,0.5810848172144734,69.3204546189574
2.1497377321967557,53.952743526167865,10.15369449891978,8.444788732871865,62.37636482861612
2.671576288642823,76.86275894593791,25.560465506435072,5.047914829034981,88.45716917819297
4.592985097421074,58.712394053698056,25.508228965011654,3.405907955915243,35.62618585717619
2.7446763133916834,53.14110410045777,3.1493914768821174,3.9855250670154065,62.4421446536874
4.628019526482542,63.08322403647424,5.325197473109025,3.38855635609605,45.91113016322163
1.3622135434821492,2.482313179857254,27.823813755120803,4.482073282568715,45.68459290821068
1.8839078258935378,59.84771915577366,0.2194336887904691,2.7802210660081386,88.57937834407005
3.6636505956450165,63.3769773069263,29.454178426276066,6.203577096580441,39.790970805071254
2.6487764313247975,76.14325631840076,27.09983615892159,7.206959467183516,88.52133946899116
4.8344505059722085,78.20051707381772,26.004043147857793,1.141040711836372,34.32359081419622
3.795860763472045,44.00886995273686,16.593114072338256,6.541024094823568,39.90582495321161
4.864168025175062,98.45780814316247,8.646847364637157,7.337534974379162,45.82155018361676
3.8749259207087086,34.649286131304876,3.7160932459266305,0.4094696028571976,45.89776216747246
3.9980440738813035,48.96997418169059,29.566205084847784,4.649734561936531,45.62714766256807
4.900626405832281,41.157600219405985,23.81046451679918,0.8481927231183206,37.7602013991113
2.9995776956199376,80.20597869857242,27.74105001659666,8.225830906174316,87.501266870334
0.666368272405284,37.270234130673416,1.4609541694155381,1.09282291114558,69.322405486937
3.5388753290036785,71.32581963116982,23.21162048254879,8.654565480556629,41.87349226483334
3.8274416081442943,80.0871592106632,1.4689112946983773,2.345351504412986,69.27948639142329
3.2985399801886057,85.81253046248231,0.13500374818977368,5.146293421163498,69.31081287826856
3.5477932971397874,2.9607289128613212,12.040666726601637,8.956348813836968,23.336240012551734
3.522257639851364,23.76583633605973,25.58343388895738,3.480314234095143,32.19728800508201
4.340051020148268,29.894365111890554,17.70960752649447,3.969400677478341,30.546252462558098
1.7367127283978017,88.65575621718692,5.62781045818474,0.848115912357631,90.1842105263158
2.038671223455472,71.76391476415675,24.22294817928845,9.987433700667648,90.09566945063612
1.8336292565502421,40.79419511312822,4.104638340888789,5.748719296230336,69.33232224045496
4.989110167683127,70.08810101206585,17.856385212401154,3.92369092921794,45.88174545440341
4.618844421284996,49.69165961303494,4.031007399391845,3.6537846319913347,23.544230416395475
0.802250009814951,20.197903768878156,0.5300634299973661,4.532799165001634,60.63800562386211
3.355431192283087,34.32924623789078,12.611453145158313,9.59209272844576,35.82747577878053
3.8838340470871198,54.085663694495125,8.536226253354757,8.969967987729952,44.088697192793234
1.5579370259629677,32.534273051667704,27.271944432688457,5.295420552850723,27.378820222109788
3.8404307723808953,59.07447941637661,19.603176270284855,2.9938329151482557,57.321159786859745
1.5861742773199832,32.249234716866525,4.663246922502674,8.743143652908074,56.17103876861728
1.7746111996255134,56.14893944143846,23.75923275424122,7.838241093757135,68.68319502994281
2.472738163628868,47.62573085867257,29.841052468050744,6.745974769790241,45.75836400046885
4.165872994030472,90.2553969219232,23.627695086880177,1.8517934495356758,69.1558940984625
3.029768301819075,10.189415731454488,19.58766379691995,9.553494281878109,23.533862134562593
2.807294289350501,43.29724928677672,1.0752825425448953,9.597745223292204,43.53822122198078
0.9635120785857145,4.107909330484693,7.381998345148154,0.6553043391838242,55.52495246767953
2.5480302908529304,51.60878012571124,9.377098470857518,0.5096048257488606,62.58929466794216
1.0022016571215202,38.45043779899281,1.8158535247960839,6.981897256099135,57.95624059990116
1.431592436861654,30.20715687836385,11.823773315342924,4.166096330691479,55.240493063031785
0.5074731845366024,11.207037099869755,25.88293691222634,0.01233062511908134,46.00000000000005
2.786753101157938,48.95020065072081,9.992824830319135,4.313270201464496,54.33019919016645
4.012615118869629,84.12037062149564,7.810456302457501,3.2249044096772983,67.51592993668588
1.5911728386274973,47.98634005510651,20.497750729764388,2.2825287546342055,60.78912007597841
1.9883108392469,93.03846175891505,1.4570786954087422,4.607696052395662,90.1842105263158
3.7020111871855,15.045401155747406,1.4212206001644556,1.3820537163853075,36.065193423970776
4.634704370888073,0.9259781821123414,5.649659244340555,0.3128351290164455,23.343842538048666
0.9978326040299147,62.014928662829625,7.249167262172573,5.692120504306768,89.20103224674303
3.1558792224475676,84.9435333089779,0.14224178735621762,8.533694593423668,69.27459897378229
3.2860358889213828,16.27434861049576,23.18812164405852,8.554915417905857,23.383615589524002
1.644185676893708,91.87936809026809,13.633722908959735,6.034244543333215,90.1842105263158
4.930922901279397,36.15360786391994,24.394780374603386,3.1839911782845967,37.53511653986443
4.096460850086709,60.07339188626425,6.490670856762043,4.140260937892364,59.733567795452466
1.9293603546360276,7.810839308036388,0.8950431029909245,3.464786554071809,56.58757591615193
0.5856536651786897,16.548775758177502,21.755499625526063,7.080912356835879,25.483129706336893
3.823611739058222,31.715317112997877,26.700583713530865,5.938305480284476,27.754290132993027
1.0671185378598194,14.371866145553414,20.792862807891044,1.7294393644207806,46.00000000000005
2.782817157119195,99.17744759287108,0.12022814200018495,0.16579801897556923,77.14904497113604
4.96888061868728,58.46388341341655,3.807299265555394,8.973021997540936,42.97905045657651
4.461711350574615,53.62004131113752,18.653760895822696,2.7318719150087634,35.60683291762378
0.7273386336740232,59.45676088908643,8.84265579608289,6.6362104666035195,84.8294292201126
4.263103295791705,1.8160543914364058,17.871413240571822,2.3128053968685225,14.529692548300977
4.4324982405671065,25.36645065618285,18.32310399706255,5.535408400896115,21.91580812153659
2.2827492502666202,67.7620763599794,21.773089041463017,5.669377953193868,89.50261145250239
3.9129000673313934,98.34170759929376,12.578171637024154,5.145830518855309,45.87933579341938
0.5561144507354596,79.60285563103784,15.606902011379816,4.079614303605652,90.1842105263158
0.9233238339022811,88.96564216753973,11.850217201216694,6.8258159820922035,90.1842105263158
1.1721837036566785,96.15496295410325,5.353252854654928,1.9954199289949037,90.1842105263158
4.365422872509712,91.25827441419312,6.364422225699043,4.6980088817482795,49.68507285675547
3.8007270705327345,87.83657338108016,11.371580851119155,5.170194868494292,49.106441895533045
3.837723847338807,73.11359766527954,23.488803900782546,5.699338186415264,41.264105478111055
0.9707679356214884,90.397329087804,25.967176179630844,7.98097435818333,90.1842105263158
0.9493811472232827,20.43973670814292,22.30801095322956,0.23140094581946435,46.66382354463983
4.906510851682758,37.714468035568075,21.579376010724708,8.875710884880434,23.940531283214767
2.2758344966753703,31.913248859966604,18.2622338669474,5.8098937374805075,45.85185389540725
2.3411298993115874,60.177475586770846,28.061441086994844,4.676402566265965,88.95582659067072
1.385339813377841,37.72059828830039,11.823209477793558,1.3110869302621986,57.505174957038484
1.2329217524954972,68.45620733936772,10.18433262626708,9.548983918558076,90.00591054058836
1.5961853541137334,9.892450510482231,22.60513689000774,8.810360519178701,23.333333333333318
1.7515101059216953,20.208810164547796,5.572984046132615,5.220123013665123,69.2736636411779
2.607874885610469,25.94398398545342,1.3551935096827916,4.814913403262807,55.33879590895174
4.816995564360238,65.25192007526633,14.865196698858552,1.1069207402961612,45.95445250088048
1.6359633074731428,29.477394957454273,22.94410657821703,8.767107972646194,44.55540098497188
4.557388341048973,98.45686082507541,29.471000493135975,9.529991327679815,38.38095238095237
0.8231996322629798,13.779353592780518,9.133995794280986,5.5289825406446145,60.724494858493856
0.9364004991746568,84.57969578021425,18.50268537231927,5.4236440230220495,90.1842105263158
1.2439009551528102,25.325547440019736,4.809360749467741,8.519331577947986,46.426312465464925
3.1290253702754818,73.51294275196334,8.880985887300772,3.7125263708827716,63.44422759172497
2.321847339919402,76.00149717440348,23.170589630237043,2.068135275140317,89.40262791463036
4.736924855321446,12.06553374436864,26.88366247270891,1.003956456498093,7.428571428571429
1.6904291501809,84.64785360679569,5.384762170382623,4.135679313099699,90.1842105263158
2.524366849748568,24.525897302320963,21.307356040079597,8.513346494022038,33.76774436477739
4.435588129350073,33.9322145736561,15.925511828634434,2.484064038656515,26.41385392362988
1.6015842569756544,16.125406285192412,28.200570324225442,8.879888286055799,23.34031494171701
3.998114209974615,51.7661521287729,14.718237465356157,5.297456661824979,45.782091429650954
2.914556061096902,43.456308469769034,3.952644986762024,1.2566385286853599,49.24466040912717
4.785123721305575,48.203075958635054,28.59616574715567,1.6357687771010998,37.102328266856475
2.994874484179701,20.771725335153924,7.5955381837980465,0.30054578761178785,36.28480588140319
1.0352898983309509,91.68484076291958,9.64598974446995,6.081292119145916,90.1842105263158
2.5925635939517284,40.04512452452783,15.956582740382043,1.8723894461534152,56.03541967249789
4.948717543338095,81.83078687038629,22.24843898194546,4.687592970139525,42.60263157337591
1.1879470495685118,92.06658582735679,10.241612021451829,0.5010668969693377,90.1842105263158
2.040816545647829,79.44570304958843,18.681262349646246,7.508385847448596,90.09071085737469
4.071359227380698,21.19546110805426,27.713499482795406,4.379896029203726,24.767546339479534
3.3755614216887406,0.23087725867420028,29.801054952335342,2.808963859641551,23.351695041502847
0.7792839794306985,45.826204153651396,3.8709017154612524,1.523267101575757,69.28952168807814
3.345272658635946,39.29273915702333,27.65557350464985,3.1915649460807005,45.979267356623566
3.767810577727555,46.109943015490764,19.798539033878363,5.996953567159904,45.72120062863545
2.627527877415492,95.00610946244372,10.281409282648676,1.7723550124927256,73.71611333364496
3.551423273959227,84.60075613079087,1.2076121981977128,4.496326884226805,69.33165665172143
4.516194603592968,74.96186189228675,29.754231494928845,5.314138115972438,40.84469212756571
3.4699807346051807,30.248028113792813,28.42606798997977,3.6633548855653633,45.84017705442671
3.8232982070898287,40.31402041190819,16.85456790188998,7.197825350215462,36.48248818312764
2.7902036828810943,90.70863269095085,12.579029637834306,6.470717981433252,61.165610746726074
2.0406309498502435,40.8156668231013,13.201503247006572,1.2580701831228525,56.64833514235826
0.9127565557655302,66.74899231467579,19.66553215029157,6.629097142100953,89.8016921528005
0.5889490040421126,32.65468426717799,5.934295417775908,7.781514225440124,56.18149486989055
4.372836806282585,24.668037722614734,20.03547476543959,1.2936280345827444,24.265216321738997
1.73818636520771,13.865449623341952,8.505622997976875,6.7473654734927795,48.66290771219801
4.596471095833636,20.252240792418597,16.262371048521576,7.013911012434323,8.649175620813173
4.788151108185046,61.00604828871739,7.653207930821421,6.254781569139363,45.860503376375966
1.9422102275510729,97.61283906917078,11.990284054909106,6.854277207610142,90.1842105263158
0.6045241205604132,40.006144613475534,26.25322839967535,6.102274444332458,45.53801746259468
2.4977429887818934,93.59374994357259,25.619531284416873,3.2221567382293825,88.93792990260272
2.950467809186028,48.98242560924627,18.96607500344587,3.341112669587556,47.82715604373069
1.5989225034464971,91.2671835255536,27.71623498495519,8.43322885761979,90.1842105263158
4.901919938440526,74.49915257796886,22.94001685685999,7.625900919626407,40.43422503823994
2.6627343392403793,45.64521945142717,7.206788284470095,6.448191943592905,51.26371969923088
1.8019406124605055,25.78084097023544,17.578841222881643,4.099823882250432,55.91789920262005
1.484854739575845,81.60560167528311,25.81709757883128,1.6769951967778096,90.1842105263158
0.5337816475999995,33.61299685293737,23.925325070422577,8.391738662343244,45.922700943011215
1.1224808155222215,77.43359011830512,3.4711250192828835,3.9006259015652924,90.1842105263158
4.993742817553621,19.259082323090983,4.6189074773287935,4.228003325467935,23.417056174354173
3.2885083668643764,93.29007824132532,29.424634365991025,0.6964063659139463,69.30871975798922
1.120988828065574,79.07379738959939,8.118964568125813,8.848490595063605,90.1842105263158
3.4855396575308903,11.184480238067717,24.975878547720214,1.7635638000807585,23.333608161233535
2.405729276058442,55.218492855933,15.022984472408348,6.861629156151504,64.98932001343223
3.4370903069116485,99.20420055280549,29.982657276725636,5.16459402635641,40.89337885825845
0.9283958913238879,72.78432989687184,29.299922346497674,3.1832638762902032,90.1842105263158
2.575439986269082,42.477692481545596,1.5425746367078808,6.722644312234448,54.21240161044857
2.090019627808105,78.74638746315023,24.96360225845958,8.212307865978454,89.97567521470495
2.3749969911794606,32.15456822408995,22.464623390011646,8.01389433842723,45.88947774226348
2.7106585087611474,89.3031019536303,4.317260882356749,8.790687796589602,79.98585028842587
0.9324285483734658,15.35255220546139,16.01520039821881,0.6751848018741502,45.999460271899636
0.7376319563004966,0.05187441657055203,13.089499790827894,7.746238812922298,35.68039869171709
0.6567725762596205,65.22576064658554,24.693819522485594,1.6800084857787112,89.61367466127467
1.1608868066963192,86.0800973620536,24.693738298502844,5.389417662641868,90.1842105263158
4.186399456822912,9.275607742449477,11.834445538162633,7.377975561063729,18.566060392079816
1.6585338169578352,75.23289144335527,15.125358131724415,7.502659879482331,90.1842105263158
2.5910583703579833,36.79043402218176,6.575676494358969,2.08379341435015,63.495948995705845
3.881708647571282,11.89103480339605,2.579470503328354,1.7629136502213016,36.085883827026635
1.2890593015426486,82.31076228068997,11.955198704226373,9.903884573604824,90.1842105263158
1.1174506600577558,65.35398256936433,13.461885216037517,3.9291817669707396,89.62970298100764
4.437878895743371,97.55956458283997,26.18576876322536,1.9230067903513304,69.03072865732635
1.4935906454402033,65.60738790950633,8.672507449145751,7.347251307805799,89.66127270695547
3.048892928643401,55.09087684904029,24.856407745163573,7.105327717426778,23.76599007020658
0.6195999424878127,4.945913714601568,18.04675357368047,4.861920756222755,45.86800700956133
1.6708309490434612,41.865608731480165,22.737309561985814,8.266114846579299,45.99204116386218
3.0255038055051986,38.5369480857103,8.12090284485321,5.219184707692534,45.847306056515656
1.9163732835397145,56.40951370472229,20.29957147528913,0.6607921091939484,69.61035098792816
0.5048035926023626,21.227713884074294,26.83534493156343,6.462907632285591,29.319485092730005
1.273821583716603,89.02639618236188,14.0986782086202,4.760917566786606,90.1842105263158
4.709938747291948,5.948669218334002,6.455348238861555,5.857713251547224,23.381047027988014
1.3796892931190183,67.95270092089578,6.422768680101606,0.9915697059881434,89.94642582272937
1.4314332183837788,42.273403427206226,5.284148975192396,1.346920249233473,69.32559860289618
4.371268487985233,32.03972035973079,10.822760595547608,0.5527040950122764,30.42909397739272
2.108163305759244,26.480717732157967,18.314552020253657,2.053902976724067,55.957650970776314
4.497644538782783,92.96666209195551,2.994931715303706,1.0740295628857721,46.07295384633295
1.0189689714994459,61.956925631031204,3.6590689262886866,8.523823179302664,89.19338805593583
3.894221817220516,81.98088582380241,15.781815806580626,9.966772115191535,45.888532198210434
0.6987879632487257,40.12649641861133,9.718100068129086,9.486454987126411,52.78329438796463
3.095874313239168,80.61909654447253,5.110235809755565,9.786341439004389,69.25579157087347
2.7438779609434185,49.36720762706458,29.126541856372135,3.8073236121714507,56.12746377250075
2.2888626104974685,58.47527028049366,3.8415783164336084,3.210856264118549,85.53273655439625
1.3694374510030873,10.32834791070496,25.984338189930604,5.89331166127476,25.833412012357233
2.1140275618756004,40.86693773667128,12.94557011062064,6.331491821447094,45.933407779050285
4.67046226170047,93.27796196569825,11.744759385919902,3.2926245959776956,45.85238778529617
2.5297092508336476,56.793423042849255,13.854537343492447,6.587534098167009,69.33398898942745
2.9947956052089366,32.07155466940761,10.371924172878979,3.7859278755973094,46.04686436924157
0.9258789571222491,16.60626324139731,21.693414064361583,3.8909671152208003,45.86270642854687
1.4654253765206464,56.26724105748573,22.66618627420282,2.5742236234537144,80.9482773063906
4.22055446865685,92.75048596250495,17.921835872215222,6.689476589915796,45.799627294409966
0.7365919564537492,94.55198910219065,11.774542027948314,9.239004005454298,90.1842105263158
3.1053988613760914,0.46187988433276095,1.1562599797030715,6.8041880566992194,37.74203893333736
3.032006062243699,2.6532437206074344,22.30379883667156,8.521453370691818,23.53226088123262
2.733878670976887,46.5757440357255,0.16419326503882448,7.866497124935993,47.27186753431041
1.9882223003574744,87.87636197825395,11.191817626741592,5.650779106307056,90.1842105263158
1.7165380468969738,16.058831258491868,23.24723710143984,4.965904788462816,45.51274906440718
2.9141956568851284,96.54159534817354,28.90739736666461,8.556421217024035,87.75560890445294
1.3442418174426511,59.42726943015799,26.344422739666122,3.744639364489377,87.62467761529489
0.9549777467101324,81.09629022399218,14.452906540865149,5.643926803591786,90.1842105263158
4.9196493334303,60.72114304940721,12.749381569983042,3.6998436784719777,45.85297037644806
2.379286816943205,11.839908317866875,23.842516752527153,8.37716858187041,23.47239891199785
1.7797871055803398,30.37966184099441,26.230027690044395,0.23970355527955456,69.22918090289087
2.8420584969525247,46.3675714681501,20.703803087353794,1.6339170014945448,52.10000520286757
3.507488333578192,37.673400787487644,18.561443345089263,0.4009500987277592,45.98787754497646
2.5777723873302922,52.22508939823721,6.4297920856495985,1.396236541791207,68.1553569354845
1.3481343635553562,34.414107806334805,2.9043044791491432,9.473197957296044,56.22147446067975
2.322473276731178,80.8969602506749,29.2325136932654,0.8073528000273911,89.40101695704047
3.432512605707473,87.14090867412139,19.02703301900185,4.2902612135741265,55.2050321745468
2.4398436093707225,3.589888600735891,16.03802253867826,9.935429967868474,36.096809249695426
4.814183866873703,4.039922884216319,21.173910108884645,3.017648666969308,8.512827539577527
4.563451190327616,4.511474570927854,28.076223060332417,8.374757437877768,7.428571428571429
1.0287697201367068,5.98243373172992,25.041229929808075,1.5575767097457938,46.00000000000005
2.907041688391417,91.57448578787096,17.0234434064797,3.9723330147282407,58.7733408216497
2.502572246842965,6.311717070387102,29.062569640847965,3.106541850810828,45.736504443396335
1.3521357125278421,28.60473018403953,28.931195846744366,0.94286053488007,63.57841913139833
4.402863682255316,70.78438944014478,24.900575374770845,9.758975403678964,38.71718951737805
4.289695949825923,94.33823512778528,3.8080577037275933,7.9578856516697005,51.730526424497405
2.955540623364715,54.349559507986065,26.967647289615407,9.718038186467112,34.79733235123726
3.6717724536943144,48.29383894717839,13.69211573705536,3.863414572231818,45.87844038306336
2.127195633076982,39.15068416844314,2.692597057535858,0.7743608526043821,69.32376461334717
4.009414297425403,44.607289292022614,27.920534656338614,6.122210085939525,23.93953687357877
0.6582919198298889,15.752334131747947,6.174593790390227,9.757360243896606,46.02755520238768
1.484169017682357,51.57556762880513,28.085307949205884,9.771927299143574,51.760627343676354
1.5636219592259506,4.911764375004013,4.608054976132755,0.6332847870255809,56.282989197319864
1.3780590849155137,56.85697147037354,27.373463888869253,5.3721888369434,88.49780546526665
3.316953005145863,20.18672516095411,24.017508620215505,6.177889085055832,23.912435346198784
4.388615731367262,94.88431070057841,10.437023272697768,0.9057905853543935,50.57037021656913
1.516680310625521,43.78415656758372,28.370809554734198,3.783098223734153,69.25988487425205
3.968479461494165,54.0476692170755,5.4842631129292965,3.207341189534516,53.88622540101941
3.439363482602684,67.28533946848934,13.042792404271385,2.2864560266211464,56.614690108989166
3.7485805078070435,16.887304161271476,28.100090755953797,1.879035790364767,23.399320020855914
0.9829056327463419,49.76477023653788,15.586487943290821,5.081929147782448,45.83982618206925
2.4650037020247777,99.48148928296084,14.588418380117457,4.77946580739831,89.0261763889927
2.397947282215526,6.68257547014629,17.788698934488483,2.279677722231824,45.88671816066506
3.3692404110307246,5.083346194847715,29.44161303759005,4.690050790126722,23.849364473220884
4.535399172158143,47.55611732329348,1.809924557226652,8.22213546093807,23.47146336167641
3.4168267835021044,78.17570475739451,12.845095905266199,6.3793674424664495,45.927539044968306
4.353030517084734,63.10654428718875,10.430209045077099,6.625295943661999,51.72368800951326
3.523343848763303,96.0586962506625,11.127369646250076,4.250817675141311,55.25718548348634
4.154553325341766,50.576231474274124,22.09719279347199,4.597094644535921,47.91256921976288
1.469728138157152,74.52038427810108,3.934655075541298,1.9858366353130807,90.1842105263158
3.320712422528939,74.72698001920698,26.84063660603445,2.7258649741589167,69.3151618903653
0.9982591637024946,95.6046659522629,4.632692640664273,1.9766698225463952,90.1842105263158
1.8109825410130957,52.93913540262874,26.48476698102234,7.6054602272986696,56.645144683235465
3.686708992291858,17.518056785600365,10.730478945779227,4.784049260866779,32.286496676680535
1.1634167906851363,27.34297021266725,9.249996118585328,1.2727619832903925,59.70580537856287
2.976078613587159,70.50281965241929,2.0979489443058363,4.811231017631497,70.07842549594788
4.019950378705078,74.79901289524469,24.452192886562624,4.48240633170607,69.12298754338585
4.192506871879373,24.07530712142695,10.82431684252546,1.763555764178013,26.270278569407637
2.603680427428573,39.206002241544326,7.227813492429366,7.517807092307816,52.72573888766477
1.9123104745024095,27.280433014583572,3.926709925514852,4.388217018019487,59.58241408462871
1.863340829767859,36.92728413409686,7.0799178786165795,7.6315548981990045,55.895888815574644
4.685015063096228,49.793185278888764,19.289952700224976,8.67172276606706,23.643827597507936
4.994733368001464,61.351648472983214,26.69338399619606,9.08608246555642,38.38095238095237
4.061531695134301,46.09313910731102,2.4346200127169793,0.15805555440133845,41.68452996645122
2.6474028497731608,49.43145335346178,12.22087163588917,5.681673512913646,45.74558108239762
2.984732164869922,83.6613041032693,3.2597130978678726,2.2517766610554544,69.76986204139301
4.068522405318337,84.78368672236546,29.844726408626034,8.729120163870842,40.09698247175587
4.50454553182549,31.434794262990483,12.049849020281291,2.6808510482055103,23.50455037267536
3.2283472918672205,93.88053542070384,10.339226595348531,5.570017818814502,54.1981305822448
1.833348337040683,16.97999737727075,5.85556589455967,0.5794534453812994,56.26782353077401
4.771820853541659,40.28796085076296,25.023626760063244,6.8132947268969115,40.90199232410103
1.3636452263498842,17.54622465790878,24.359646045316346,2.6471171061953735,45.975366932640554
4.609783326658891,14.005540468949063,20.331258433634083,8.14473876030934,8.885636138480777
1.5586537478704026,27.620736345656603,28.93556658417605,2.645976053461583,60.51472980287555
2.434806724550215,43.25155932423661,7.5910424978905064,7.7579108643709045,56.14480661334018
3.9733220445311983,37.83180142237856,25.053773732422012,2.130749343990024,45.84793972324602
0.5193759905045539,57.11673620557411,29.822333173571355,0.38644309826884604,82.6760508450696
1.4359913316880726,51.89146424870842,24.29822209334612,0.8904200507505322,72.6079782615318
2.2785559419150245,74.70758006298863,11.146296252190847,1.8883642047563898,89.51325876388954
1.379731223284643,41.00487869149943,14.382512244176734,8.61814417816014,45.99759631750452
3.390135883555971,69.04019545155015,29.48961514607721,4.118434403009737,69.19962355547933
2.3150948146210775,92.33469677258122,7.376267610151759,7.298152463028666,89.41998630616364
3.895579121981606,9.778799744544308,14.04694217080752,2.00562471321554,23.482836708463154
1.3341887276111855,46.38281104628762,8.68289122524195,7.960604476258709,54.885176398396474
4.584222011257171,80.27206052883656,7.980926178649957,2.741343936886084,45.87281568401417
1.6462775755286034,13.503809605623607,28.313951043111338,4.020477981570694,45.82761415292142
1.5111026354564319,84.66710505082435,11.975859079733715,0.3511681110966658,90.1842105263158
1.2287370661233403,63.925034035617,23.487158225151717,2.1093438848871293,89.44906966797053
4.6282801516976395,85.09971200521645,25.451422621832428,2.276611467992141,34.32359081419622
0.7274119489252597,86.74235394825837,9.174006862157022,6.189163811735259,90.1842105263158
3.919850976653285,12.829325851112017,23.425150635571438,9.385114589610659,23.4988669895599
3.7776873458588405,44.12227484805581,26.300344162551085,5.27457630072559,28.664818579921526
3.8514691751753936,82.0505943858604,22.48058585097018,2.8785487604815394,69.27239689301709
1.0302975540762398,23.833852936206014,15.086248109410597,5.052769222930959,45.78171956248562
3.121899571915419,39.51018375478908,23.60674144350083,9.131537503472078,23.471649265229463
1.6102627406576207,73.6523217701888,20.339155576351338,5.23090499279315,90.1842105263158
1.348386052433721,79.52322585827095,28.81878856886498,7.218363322336135,90.1842105263158
4.630369984815803,98.41852649479998,10.561520227177146,6.382235529263369,45.75396202636044
2.632697319371351,98.66287468632301,2.8142347202317475,4.123749142972246,83.14980060028368
4.439925700372562,28.405131052651544,23.63378551916618,3.8278316278025573,27.129999891846563
4.909903429505712,88.35298364237076,9.03961072987846,7.701931135378551,45.788832424203605
2.0158544472497093,60.63628402155351,19.75442305179876,8.29595409085705,89.01763302302432
0.610028783969067,22.015789115229968,21.35753431765736,5.635232369695373,45.56773199904583
2.7302228519051437,5.520995670798046,10.448276503843687,8.651002319106484,45.1441149180752
0.6390177666621448,39.64362353648121,28.35444863012318,0.5088073454501463,69.33312536543694
3.8736758797008655,25.761261618203648,25.998264964610172,7.460679789593651,23.728094122403046
4.485673268862633,21.592479043126602,15.938782644558149,7.792699435748007,12.350306697359523
1.6056488434774145,23.074630526721695,0.8154640049275508,9.585152939754524,46.40511591900346
3.695075960245805,63.556035401018484,22.319841680849727,5.316129186954393,42.23225609962531
2.642602194906847,44.95322411235209,19.213176363109238,2.015349753923832,55.99113387044696
4.4962641275669135,81.17523712192651,10.486908343561016,5.786092968125244,45.9461604290833
1.1346228497750657,97.2346247933598,27.086780628908507,9.218975064992005,90.1842105263158
1.9947337146655322,16.913470738285575,6.35316490398931,0.9000139104508986,56.13368222906852
1.0404978354562295,7.130453418484539,29.694692076146204,0.7405768336907359,46.00000000000005
1.0964393642813612,82.72545955907364,17.407206502288293,7.744172045693324,90.1842105263158
3.3391040349769474,88.2175070328948,19.154025832942217,5.221250929031509,45.77899164097852
3.7073736219258486,44.73927517921095,10.381914687142041,4.676524524502125,45.73776460968838
1.263713472943523,79.65717298026914,7.821113440078339,1.5353154633704746,90.1842105263158
1.6085850880245205,84.20701517722398,9.90603886793194,6.860498695059002,90.1842105263158
4.353843337950827,7.774466692504212,22.95073215534129,3.0766546637903005,11.820949342526443
1.474800638828192,68.89014524529722,27.293898681997014,2.9501920871239538,90.0566596404798
3.0597521242294357,28.983411384949154,16.62856757179284,6.218620306543405,42.131249380767635
3.246509249555809,62.35463696427459,4.052393766525722,6.935404695867195,69.26285547914793
3.536376603711005,68.25881222168832,2.22211658216119,4.468388424141526,69.32868511308237
2.340658094205784,8.671148364319913,6.671037836904321,4.409626317980368,59.50390487331436
3.84307839436137,23.70620769846632,24.892497303747344,5.457982857394635,28.317713140404102
3.9218975833307788,47.25559833368571,14.975826762666701,6.197193893796403,42.957903575318824
4.675867736746209,49.181258141290996,15.859726143248729,6.019969635275295,23.52591242102236
3.8188181178397658,7.185033548623432,15.470623155659162,4.815915892060435,23.436097053756345
4.647582429069066,49.35065804363411,14.04961604082993,9.62199988534702,23.531931506087528
2.527594086203967,18.088443032209035,6.50748368417365,0.9518753833697413,55.25545284476257
0.50255658166525,43.19456610004819,23.07727743894664,7.334664427998359,45.916957656660436
0.6446708951128259,56.99829035940329,4.62849376240428,9.410762847646973,71.8307742426718
1.2531424983988066,62.66392176974816,9.787150864921703,6.415613259643522,89.28611985597499
2.355163684088338,75.96430523063947,6.920373759835735,9.0579185291426,89.31644139964054
2.7509434219100846,75.60931477128528,25.491905742036813,9.98828610954805,88.23133631091034
1.507755495172812,28.689241356345484,7.512992601956647,2.6287133215978264,63.87099682301413
3.1210013369271983,99.3522523145843,29.708342612782634,5.2677323136230765,40.86028818888849
3.375622446191032,85.9970543701606,27.988003753605156,2.0386062732954393,69.32416098380294
2.878437780241038,83.28370546615122,9.096062299037749,4.398090424804667,64.97694599563182
4.935294956804036,98.5046696720871,27.183204322955447,7.984483448280576,38.38095238095237
1.711087253252626,32.085007406718745,16.41848523614624,5.607773745620122,45.88778949601668
2.7747626871068016,63.66702799163061,12.249690678989664,7.49174157315533,62.30096608600108
2.0009746691525994,33.06769969463525,3.8167788567548397,1.8871221002891925,69.27385482985257
4.327343955146109,44.628233858044155,6.836033596585014,7.593411000223874,30.1073587468928
2.9929150661758674,2.1156011423293486,9.490843720101456,1.7700141112134105,34.98906007993155
3.451427874422783,27.503104063025287,1.9484033762983088,0.5493498919766926,40.03652190451302
3.117772840814217,2.1723455704089623,25.46376339408266,1.5539711925727562,23.474262991914475
3.229548508379434,44.46880280107457,13.285545636957076,0.7179714236004586,45.942426759461384
4.112385125954971,89.30524847532526,0.33050002152685387,1.7860417569711773,58.725406297750354
4.567568849579655,54.94936128000582,4.5011873474463036,2.0279045260915884,36.14848305761318
3.4699380990670137,72.4816822246873,17.982804257398058,9.531483799125258,45.87267933068354
2.7232862164779967,30.027191214252667,14.316987299273894,3.5966629366661094,55.90233437252847
1.5098715170360884,4.596324934014007,10.566374806953725,7.114093477097423,40.63984344147429
0.5829701129383722,43.91785132059347,19.320282043496054,6.104041091743072,45.76445769935463
3.9949179614992216,81.05197156597976,21.351174627581635,1.0279769614474943,64.09521949765245
2.637600998019623,60.34059574876086,7.366981164283548,0.42551817646776513,82.94667745173808
1.506156443942211,45.48944017326389,12.417909571638026,1.7666698132716163,56.605099034751916
4.209869942075718,92.56866687367246,6.040449571581457,9.295729155672216,54.26770787059937
0.5803743162883137,92.49624727069454,28.557863702427237,0.12051863015925202,90.1842105263158
3.9335868354953663,97.02015725698433,27.177066564533348,9.70710161196213,40.45031537011627
2.976455775639377,7.815613988538828,25.493675934151085,6.138282558090116,23.931684004271656
3.266315348847301,41.72536098586862,17.155259295633275,1.5357977908611453,45.9557354335784
3.8289651195476764,7.501730735154233,21.89342301131376,8.48978422624854,23.441907088242058
2.626109049040197,50.98303660570493,9.366428187662347,9.694585837255875,53.48694907210872
3.799060135517954,36.89885533003449,5.244221586990152,2.1957959220209133,45.93115256006202
2.587650287495225,94.25684003143378,22.024390372827543,2.152437481791498,85.04360238755473
4.368025100385042,37.82005230096811,25.551665482575558,2.4169959798113094,45.59665018701133
3.2839727537134293,92.6670488081282,7.736820274433825,6.929265905858549,69.26007009618726
4.9429067898071475,15.05982872430035,2.652068721020232,6.741951924448162,23.333354460775908
2.0288117648706367,7.124447736659112,14.259168536508124,7.537706796439557,36.33813808242589
1.7830508018683495,33.504687750513476,25.370982019409166,5.200719122614881,27.474711974059606
4.292293859629124,44.638949214370946,28.5892548468031,6.507945897177367,23.80031743986142
1.0215448939366225,88.50929882268007,14.677955724923933,1.4163896797290498,90.1842105263158
1.1871056022863933,68.75339351098718,1.4211752018846935,2.8659376491381328,90.04071876968489
1.1290441571144065,44.10774296172843,12.43061315983084,5.218764346888559,45.90144541360762
1.758363480961386,3.2043589378177195,18.431583196055573,3.7371800288235137,45.90073097326933
3.431007494330209,10.866697080426846,0.4133206588215099,2.4829424788529275,36.058811618026844
2.554462953473235,39.40719741684673,24.309076658203992,3.7783764419282395,65.62526117677487
2.886985308213855,59.35155924421922,0.6549417493743481,5.15133376846189,70.90529215355822
2.0517406672947702,42.12801276832546,3.0086219548575075,7.828205656486452,56.272940075396896
4.740819128638352,2.2268820629600006,18.041182884340436,7.638440672883581,8.418922613409883
1.7816341489245024,78.75555848632168,18.970651522989037,9.2916263227107,90.1842105263158
4.914521651091977,4.234611399870481,13.348132830810187,5.469877875782182,7.935134032512023
1.1603445494344362,33.62858304273617,29.62942343269385,0.16230456342471444,69.28202152339273
2.536285691859728,84.26546217181962,9.717037881578653,4.797985027551533,83.58221418748221
4.90120585604591,47.48768364757039,3.927639364394971,0.5172149166639106,23.469310369751845
4.754374575979768,26.58094132750657,15.121917196936527,0.907017660899686,19.162483296176582
2.406448042477723,93.01055192501241,15.072389808928152,9.711351518023278,89.18205732341406
1.6647603675682985,50.454523970393716,25.785923754279757,4.482523545537438,70.42503057401478
1.7576931810658531,85.54753634178816,11.69668406617827,5.307232910602341,90.1842105263158
4.894371798868155,18.64832947558639,9.04201910160557,0.3106960006983994,20.92518364094018
2.2632696945952375,20.018343058485954,20.401048062236743,1.8132145876585237,45.94829572559713
3.5366573858264134,26.347542818931768,10.656535023635993,3.488606520463975,37.551081904910504
3.7253828757362424,46.650926313834304,10.838966965580493,8.526227190394499,34.13743657635939
3.0737778153854123,21.38308212779978,27.00273834431048,3.426502960336406,26.971357272013904
0.6754071989179418,49.46002239744529,3.7181416332263337,2.3846644371574257,69.23207518021901
3.86199892709335,13.075181337631857,24.20832673062107,9.369072881309537,23.461618528091286
3.229394451835751,71.03591920228293,21.40759829722252,9.92807957270445,45.5625368005259
2.036922179907303,16.28565512427025,15.575017047429645,5.332498098317082,45.99323368086439
1.3006061973326501,61.31094189941395,0.4237420043047191,9.276684024542215,89.10782348526348
1.6905842501956774,3.956020839019181,3.2474832442457116,2.402489482796417,56.282989197319864
1.7325777587272035,3.280999949772867,8.380644365811875,1.9294173649348212,54.67523818352402
2.203794173455334,38.51677373559692,10.170232218086372,3.27923883530704,59.77060047378258
0.9037907498356306,2.520494712616217,6.063429004693997,7.566494274166153,46.63685352691141
4.958643944980049,92.85261750573291,15.126580666133059,5.318238557779342,45.99967881481243
1.9156170606612914,77.39394386376563,22.94270063797946,8.442723575824445,90.1842105263158
4.52977059738598,43.434924822529574,23.006267043215928,8.063987287958787,42.10711952450543
1.8880683012398758,92.924224400615,2.830245079189664,9.942691791632829,90.1842105263158
3.965408231714912,9.327090532432724,19.68688944315002,0.34179410928260157,23.530415909560364
3.965841272498823,79.92229216590553,18.07230759274343,8.568603919165705,45.85195662365723
0.9404747609668687,27.59238420408132,12.425325647780115,0.4245795282809828,56.011568823880836
2.5169723940702475,26.521345611256596,11.78205036305259,4.2510263199230645,55.271970026230505
4.457352800694583,27.034097052763904,26.81229386148816,4.259709648128492,19.899667727547357
1.9751347431229371,50.2512049335146,12.532298590885189,2.5737231305514605,56.43664275700768
2.762056961582301,15.180173307883127,10.557898290688982,5.657902193740906,44.805307955570896
2.3603370997543633,82.39123610507964,7.701652846054987,9.6977157883101,89.30297844017359
4.0312490938310805,96.75930259974722,25.144096644909123,1.4210392585164267,69.21045953013858
2.8690704078575617,16.99785211957857,24.54682057881772,5.841621491832959,26.802917504627214
1.685521914606076,92.95989720071714,3.4555815994278207,5.63862403471314,90.1842105263158
3.7446824960002645,5.884853733243178,17.935680996186107,8.159012154630942,23.39746698352529
0.8038729148812402,51.22429711066271,7.756715344462201,6.629244515369209,59.48071331669789
1.0340481518548021,93.70514306705068,26.841857451441953,1.8597441987570917,90.1842105263158
1.9546964796429709,58.763497465304305,21.541870099027513,4.426560151602582,80.38100942202833
1.2033109488243878,10.415149380287158,29.992960107430317,4.5535212144348725,45.66041736941159
4.426392871168241,48.237600462911445,27.670729156380098,0.877593827715506,45.55450221779999
1.0130863610054792,92.96321877242242,28.424791351343547,3.1471744746536334,90.1842105263158
2.098241991472423,45.2450234834758,12.484850402018724,1.9004521595959667,56.60393707972628
4.542689227727186,25.330760070564374,21.15817228432955,0.6715567773497289,14.332175907164428
0.6743809918779327,65.37304725769206,10.170475727197811,6.554593927200013,89.63208305454211
0.9230954097597366,94.98513799158633,22.455434006792863,8.762672330257992,90.1842105263158
1.114117493200299,32.016096889286935,11.050324926190322,5.371726483268185,50.69618305146791
1.8359081847833643,6.063074218940512,11.066351422124121,2.5454931462728214,49.47367293211261
2.236645811584467,19.695954262002623,7.856891236942064,6.269523404322688,58.73788092109118
2.246692255601293,34.538339316949205,16.017168981671187,7.718605408439258,45.94142224698521
2.204905803565808,58.75194925558406,28.986078761045288,5.219801141180507,88.76144135971326
4.59408909432895,79.36726242564269,1.7615604495044912,4.290988714692569,46.00000000000005
3.6424328354086466,98.67119124482,13.751288734845378,0.9278545412673944,56.33023785636449
3.0290412862079052,12.656379212396029,22.545586808381803,5.076769974617779,28.840582242291596
3.7554411576977893,86.93618268785237,18.868440514883314,6.124393292531815,45.80329899746102
3.8955663294783407,84.24550014526673,26.07161358831008,0.36430195682883304,69.25858579526137
3.0028563355900517,21.626930979755144,25.8103767234535,6.483976852033612,23.76911472392688
2.391001155645972,18.81042281213513,10.170708777594795,7.037776945402245,42.13388430127229
1.4196179534523745,9.358294533837274,26.64086274682653,7.642103495801168,23.36954920271511
1.3990771879615966,29.231154342999165,29.16210531392657,7.081844867591174,43.968724708032305
3.247349018962211,30.762848542413035,8.973754324995667,0.39523618690230466,45.85408125826804
3.778168401058691,4.317522505688453,0.14572013331837108,7.294950878609791,36.39900553879297
4.769931907171064,75.65030477273105,14.149205718731361,4.8604524956087305,45.98682843174655
2.462613901920974,32.464366711033364,15.651426425575206,4.31150957141115,54.18460030677066
3.191755460183486,89.81200805010945,29.85028251971431,0.7874328988291712,69.28491491540258
2.231075626976036,18.070619576680947,10.56361421776601,2.87473018548423,51.09242216533204
1.2854170923205475,76.40760534212905,14.888662284877075,9.192455822172258,90.1842105263158
0.6466659946115652,6.697801313198992,12.098207487910322,0.8027732040403712,46.00000000000005
1.6822831838667507,98.60297430766236,6.268788224538422,1.981177414120907,90.1842105263158
3.0813830095806907,49.79982907931567,17.413148916085344,3.767352782085467,45.838863757023255
4.220430619527262,13.858055144246284,12.85177937524397,6.897618484440871,15.875248320442367
4.4070639812730485,36.95716063567577,17.032367972812583,0.691399450072615,27.46125285103326
1.2664358965032303,6.913816246611448,21.836426759955657,2.880599687221407,46.00000000000005
3.75685380586327,6.639827904327456,25.876434012249764,8.355301981110916,23.403321719973746
0.900179343726272,2.375650645718652,1.6886643894597353,8.53630173146734,46.333333333333314
1.5561657007335308,54.82733178581887,12.787326095401703,7.955255262286021,63.503502773456816
2.7000423566180176,50.06608406612697,29.672758184997072,1.501295567492571,58.21130833540125
4.238167724356691,5.174974560388479,14.329463087189122,8.863348239330236,15.307330593851413
3.493462845218546,68.52146193661329,7.899518467694566,4.185747913614542,69.25245198376318
2.1496147857457273,52.14432101579942,13.866837904310044,3.2689835187698932,59.23597824867705
1.8746627556702653,25.085289165512215,10.951417406542753,1.4994147793406065,54.64635960487536
4.424469359016082,60.211939183342736,4.0135927678156635,6.938593342090014,48.567434561729705
4.31449910599088,23.753567205225888,4.518017830117918,0.08617257133752054,32.11161754330382
0.712626524854183,76.22513483035117,29.615589961250816,0.448803224762766,90.1842105263158
3.866319315859517,7.186216584096005,17.763984747110005,7.560752824282378,23.46428353373835
2.1164197877048196,1.0934721110663737,17.85568056376278,9.912446281400278,35.018263244032866
1.6592784027732308,18.94912771872158,3.7177767826054486,5.552556199000561,69.29675443530165
3.18400294712123,79.22708371704023,22.59219820861529,8.925414947950872,42.625650481320804
4.125977142540356,24.726708307944445,16.67632214627283,2.9741195909358,29.314604704330716
1.984034207981761,93.19443692299963,20.456877152012208,9.745904132511058,90.1842105263158
2.37610641523435,53.74375733539766,14.613462597492651,1.0728705752372691,62.21409934488502
1.565158975369715,52.76363606044821,2.021229153990187,9.314619293088892,60.30702952445496
1.0572965687451688,19.79807464169071,22.959636718159096,0.9693454178931371,45.922478925572726
4.551251448269342,72.57009707225356,2.058625713265767,6.918470612856529,46.00000000000005
3.34232843977093,75.73494327399186,24.845935574680077,7.183505631731551,40.84422892670487
3.1377933287193738,32.24633185817777,20.918209854897874,9.569715846307794,29.79952677397047
3.143848012379934,66.43448684342539,13.113841265994022,7.561208097430744,45.906467535022955
4.989503265523862,16.03893240677361,6.0721583851128695,5.394377586643895,23.360458281367233
2.666189287677462,57.15697845067188,1.4722214317281912,4.042764563304489,71.71974877654215
3.1234021792950237,58.51913513049627,19.720018853051208,7.202160290026638,42.48213166071205
3.3869624150338544,79.0243155389435,18.74281904053775,5.375076625372045,45.813713509895756
3.227883929995149,10.119336675333235,8.1946962217656,5.273997806581312,44.922637548144884
4.428442469307682,67.9051556287993,2.7122423541569276,5.9227495044440435,48.035243717896115
1.4978209443669452,73.4016559788723,24.823225575262416,5.934562725899734,90.1842105263158
3.161131743882694,33.8591443210814,13.387500634839283,8.641083538153454,36.07937977640165
3.7549414893522046,51.97536596958431,11.046971587451129,0.5037973828855435,49.7679225452408
1.1435333059687331,19.302518953937064,11.201506297760242,9.441436470762746,37.79557053043161
2.773190276864369,23.484016325923108,3.172504123845422,3.3830552460296404,45.210602793308475
4.170787859979756,38.334279341050795,23.175174180672403,8.027049761268788,23.6924105199102
0.9986934636441687,60.865975262678376,28.772881901133324,4.021380749035539,89.04843242653124
0.7292484005136002,92.33026902578786,26.50998844717449,5.221414472090018,90.1842105263158
2.9851390415480434,21.174110277612492,24.58352266633912,4.986000383921264,46.498250747991726
0.6524500781415044,68.30149564489977,28.514888094081183,8.291504903457502,89.98770068236844
1.747391630947429,5.332508493334065,28.210542376145415,9.370627248797014,23.333333333333318
2.8958689387079124,64.23174116715352,13.878001821324249,4.197653670987586,59.134645386654554
1.0375179616791517,9.675289836109602,6.981964400285624,8.366407464065443,45.35295982951909
1.1562453533105599,22.66986519147107,16.458421779666224,2.151312180782744,50.351136690183615
1.234430081230042,56.33162416979622,11.042798129898465,6.261592858404692,69.3672219169729
4.604924031839043,15.099313143506766,27.403009794391917,9.024899674229186,7.441581173235218
4.230894125011563,63.12859173060852,18.604399723966424,6.392126599365016,45.811682697250596
3.607229980480159,1.6482200596157015,28.742777374819493,5.856037614655798,28.739733687149585
4.016596277310898,37.728183906136316,0.3719164174738787,5.09734659876444,44.633130190662804
2.7823555369216804,43.69892883114518,10.191511624862303,2.4982608780972204,54.51082644804534
2.8739519352373226,37.52781396934941,29.097956491494262,1.7292730776693144,50.83957826303277
1.9384950543218915,29.3960470924571,16.29927528707871,4.992802569741479,45.97187972895732
3.3968320944092287,95.00017705742079,8.556632564816022,6.927715692549965,64.60748667216771
0.6126809135233262,26.238847273362452,13.911591839897783,0.3099478848113446,55.94452223154293
3.279512572491375,67.83106084017082,22.4019514451414,5.165745048430122,42.9848348664635
3.21775099240382,39.60652512784873,1.237590975196876,0.9995185577451304,45.937871270075426
3.4474816589065886,99.55552995857762,0.47409717489888537,5.575834968263828,69.33158630049883
3.8795393879715103,82.67748280138787,16.356147036679204,6.199159801841051,45.895580982842766
3.6352622537354904,85.89662496934307,3.66868611608456,9.261821962748634,69.32258933873332
0.617078315982065,83.61997509577753,2.3022127967909176,1.9462821160492227,90.1842105263158
0.5175236587150968,44.525670553604066,10.030776801521768,1.6599291148702733,60.02801732713554
2.529905723617578,40.23708831721839,23.029830980962245,8.931303060700325,44.71906125321643
3.4365526329518685,12.441038872652388,8.861723841295518,9.133182968322798,33.84857489539963
0.8993052185355013,40.68558393908265,28.275138577004437,9.506648414694856,45.99886388187326
2.350414296720016,66.73968880987974,13.70236795061997,7.5346053943634175,89.32878216746627
0.6421159881184932,14.415714892135846,18.425964106307976,2.325522624430636,46.00000000000005
3.4972353467111685,35.12229274612984,26.599366743834644,8.192593855599865,23.39709062364325
2.71777010030952,77.28950870948577,8.134136587052712,4.942597768118626,77.97107162602032
1.3886692333847517,86.08861685209939,24.692028497052448,9.021496684090012,90.1842105263158
4.448646415509168,95.95962620594948,6.850086948957779,9.318242907953154,47.53567506319399
3.0704593610839894,42.24950839181522,16.81121687903619,3.4260235665027783,45.87093395216785
1.7984885313242844,24.131433797752877,2.4728396837138042,4.965648971471874,67.80201833877456
4.494927540712494,63.01519692743847,15.629268982673207,4.2859291825091645,46.08826389714796
2.589807318427364,20.927734757195093,24.688076315792916,1.9838296328152805,44.50437261060807
3.7248024052729085,75.99850114961527,17.24607126083203,8.629263749548285,45.92205436748805
1.8097265860279252,88.16172212428633,21.882313787979125,7.987498277617608,90.1842105263158
3.4906086928729136,84.63430169899694,29.792965881529078,4.201628545246386,69.18300242721843
4.162620576693067,74.45797595180336,13.58610497136054,9.26948999732512,45.73591928620877
2.2749166830766763,56.546591627623755,3.1782707097288467,2.2577519406626623,81.51306291059615
4.2831327674019235,39.65527228288474,11.822522682457745,2.459810181906202,31.79824654171614
2.7122465043385446,80.58169613506224,26.854923533212187,0.7011443204418388,79.92239925432763
3.0866932905805196,46.727336789233455,18.428455514147352,4.4727568690826915,45.838980303232596
2.2939016938403682,47.188071242948936,17.459973862692422,5.009832110317768,45.904979710160404
2.6246500295929076,81.78353099580808,22.369439737135732,3.413784941811928,83.48478979787795
4.102597028818942,85.36506690045002,4.604766161225715,5.8268246173075875,59.332123677982345
1.783903971196462,73.91723219267226,7.163559880760497,6.714035241730318,90.1842105263158
1.6480609522593526,51.11437634299432,28.459394037485765,3.8130753845643452,71.21360040134928
4.440823186834434,98.69445812038946,26.2455254641549,1.6586602972334286,69.0292876840818
4.188461987908234,3.214939510056125,11.799056510979236,8.707333733178638,18.805206828835562
3.5993849574196393,53.27404273378781,11.635920752478615,8.12296946470286,38.3912921441994
3.693012817766994,46.840531961567336,26.774530116289796,2.299480178186324,45.91283168756826
1.266761791213812,64.28037643335816,29.15983028105311,2.472565733067703,89.4943950467
1.6235167052022192,13.949884796218992,25.816906658208964,2.263975404113341,46.00000000000005
2.7643033702619952,99.08724780022045,0.3642270276613069,5.564860905107941,77.8641345082405
2.8053006921722563,80.74473764101548,10.658446186583308,4.103413588990415,62.533589647464936
1.2557209126948865,74.08152316357867,23.541267275644447,1.3666332077883026,90.1842105263158
2.270556832947448,89.2904995362683,0.08121821027361475,2.9875907062263227,89.53352800686459
2.997690282736465,33.409385965995334,8.161355675330082,4.600374849032126,45.92827222894362
1.316853986493622,52.96252409594838,21.200877639396776,5.752949526285022,66.19572898530572
0.9189919888633891,84.44086141655733,5.249335124624645,7.648120006111286,90.1842105263158
2.122542998491327,78.27613480561023,6.188187102160373,1.866621036954298,89.8982932570195
2.7366163079786703,3.2936014698360494,6.758920163470002,7.240122521843483,46.43658222784634
4.268225652374415,8.078536393781043,26.462331283143133,7.97517204053179,14.372511761929742
4.413579330681344,69.84285545788399,20.224592018818942,5.250932333448638,45.68101346483637
3.4375425102109176,91.91096645666052,3.0156600425012527,3.157644778460912,69.33088558800816
0.8260473811814233,94.48051719440384,13.35796397998164,6.753444706761885,90.1842105263158
4.285040290269446,99.10002480764885,4.853473733767972,7.995126057182286,51.863919076129534
4.493403041615314,4.887537685087562,22.6227168055672,3.5472532119655034,8.130182169678474
3.418685561616944,51.40481960388647,7.792267562599108,1.3522136200398605,48.645892286935265
1.0262625489014372,10.33228577084917,19.133701204037333,3.5141085139953807,45.94743513203768
1.474850471926426,69.1885092705903,20.605486972994004,5.391682923569977,90.09127046812517
4.707310175896329,38.54142314414213,25.07588913807879,0.7513940793219631,37.594532985111705
3.82923992317327,98.844741383193,25.397946488634506,5.796647193100593,40.645448130885825
3.320447289472223,35.32895494369468,20.384556547743117,7.703953831813271,31.06103978339559
4.992028165030343,49.2462917000433,1.8391219732032682,5.958579507309852,23.528215955442914
1.0356086749197586,24.476504355611006,9.863397339172117,7.310298731484107,45.15717654120835
1.3271365574532523,16.575294684235253,1.348927274964824,8.732399363538809,46.336660310673814
3.620774409602273,3.994646561762649,0.8487691691434374,5.58674296475056,45.98698537556732
1.7714048057901997,59.67263504319288,13.03812527042896,9.233125623102547,86.69774275366733
1.7951405673261556,67.91453684388935,1.6216293485579758,9.558605341889253,89.9418912155955
4.913408605587585,73.90746290164124,13.956374146907194,2.1999343932726134,45.98065629070534
4.1563235311158415,73.63540971470222,6.658621186828472,4.512152941572657,56.428330251650685
2.582595220175533,82.64105499727091,20.515340530022296,6.431675435400551,78.87339287047399
3.424223401534753,27.04700793824789,11.15133779488602,0.4566228543670614,39.044562953650974
4.041235111154557,43.29982151698138,13.147150712627205,2.453562649336267,42.96611319324844
1.44242276656743,58.782192956902925,6.976590456110273,0.6420885156546441,86.19702450000386
3.9537833719140423,37.64694344063659,11.407067516979133,4.313182815157913,45.82590597419234
4.167701705336422,32.08368959398171,22.74108633773508,9.395448407795433,23.68977243023148
3.4739068816615974,43.16810811770247,22.43369169439994,4.578973697513855,45.65169373287485
2.364922719986634,52.528316357268324,9.531670044278814,1.042502162800012,63.09600457674583
2.3668340248677433,12.385688112930193,12.3132442066634,5.569337212134503,45.893541584774795
4.68820031542541,3.622233104530359,18.643752195058326,4.577351866500773,8.642160369451041
0.5911750769186263,24.954817593872036,3.5545575706440466,2.1679414573144475,55.970441481344814
1.7355660955741319,40.13063353821963,15.871181804666708,0.009899939263861013,56.36715562026857
1.2284121228293337,9.356638560880072,16.49020197788231,3.290748704012698,45.981548650723525
2.9677898121562314,22.182330217467783,0.7268806226275459,9.413669012702467,37.2069330931867
0.9873865453504731,12.685874796171682,4.396404795304215,9.812765239932727,46.333333333333314
3.2794710807649823,61.02899517038506,29.600946045555887,0.8843876927465477,69.24073623711446
4.885254016440301,20.40131465540409,18.692145106861062,4.200835653027917,9.52281504970732
2.227783160647302,93.12433284794625,4.476831853207694,9.970690110762435,89.64097584990377
2.2060627749119686,64.87749038885543,29.037201944500804,0.5760105037897478,89.56995750416104
4.652889633163357,56.78113853543433,21.13190636932357,1.4918418388634835,36.37738663998854
2.900243438739645,67.35137147252436,13.687419221630455,1.5498517810605672,58.99213953207319
1.5985358378850947,85.43927909934985,1.0341297849828834,7.088620784408124,90.1842105263158
4.997255164315371,0.7482996106766615,4.831370484598198,6.741443008931345,23.333333333333318
0.7699587556340672,58.97899838558589,20.520003106831684,5.881463481140702,82.38607261727643
2.1433311635948025,69.72822959866389,17.828832840414613,2.076371720939197,89.84828990005091
3.034109946132994,88.19072171389276,20.0049985707135,4.717915073938471,52.270486982224995
1.9471284629125303,8.588620943757286,7.338813982770861,0.11186753086876888,55.55343907379676
4.9398166288623395,22.248225212873997,24.44627828056118,1.686448818049786,8.544465613218186
1.7762051732250828,41.827731922836676,9.732169924248153,7.983508127598611,52.792745236857755
4.809620336069404,87.52944836508485,4.607336008432696,7.766886763492903,46.00000000000005
1.1657611098712015,91.33811065621013,15.536357270057353,3.3638108805670672,90.1842105263158
1.2066147380038676,1.1809088179004612,7.438409749826542,9.14020063281312,44.81968673143137
4.087679865225024,96.97937077507194,3.0228456336411913,5.921787435056695,60.3386353671409
1.6571771331384948,54.29417057724074,9.613646566903654,2.8346555024335753,64.90187888161465
3.082303859110689,18.33181618695403,14.074003109163506,6.508122650440348,23.49742121373944
1.0768193293226183,93.05942708769041,15.171740983623744,8.195279718843423,90.1842105263158
3.442574437794785,71.00009412225455,21.483928229785143,8.750998970614726,45.55458798724188
3.2612244577111587,27.821715172138962,2.985289285963715,6.062506194501415,44.4713854291353
0.7985876169676147,24.12934516895302,1.8212155380573514,5.488875890065671,69.17981819761545
1.221521562242906,61.040731943347325,23.72595392589803,8.218807207718623,89.07180119041361
1.8929457866193236,54.895453269449604,16.89032280259077,4.728871821541666,64.38334210483382
3.448012511411442,21.008712382353355,29.37729718760383,0.9807982709093244,26.065817123531655
4.231495135414036,59.40959869511878,7.3456424158114775,7.456750006602998,52.52695132755942
0.8801640305468238,77.44178344487831,17.699556667290405,1.107503183964016,90.1842105263158
0.857775033915666,75.08363334364626,8.788077195115115,8.893018507672135,90.1842105263158
3.929328594635792,69.81902447177161,8.358181579003528,7.089445190216179,66.13700682127944
4.766664580316753,9.155983437056891,9.784879260106981,2.3467226546159417,18.64070112994395
2.269625604803,74.23326548539464,14.227277442761597,5.707306061202463,89.53588413285144
1.9136969963525405,14.128926708710054,8.008009468131856,8.59680301241987,43.957120785431954
3.210876329690347,37.79886731972337,23.697179452067626,0.6445743245490876,45.935155564467166
1.6425098956507356,23.010315405733927,29.560936865046664,7.060985823927602,30.6084191433699
3.2800367137484936,0.49849652944728984,5.529300062695722,6.355412929730782,41.72125655192901
2.2087369691674956,92.42803836790608,22.941726574252737,4.4738407280412,89.6883009993654
3.872817398922217,97.54043238262216,13.829424741044118,6.425258878885334,45.89875360477789
4.6339907677758285,24.867466203617326,26.59673740998835,0.9754470677298266,9.012635044202273
3.418016767644409,78.28381550557843,18.438186577572782,4.95534804152543,46.71990983453655
3.278061949665587,15.166370877944457,6.467121309906551,2.6989934395634196,36.06672841790757
3.1900070328351715,44.19010737450705,7.334275274575186,8.8280933214458,35.97255657994873
2.1826482813195054,44.60317192298911,12.291032296469837,1.8194295527675264,56.84683737875266
3.79232156943605,44.8458262268858,0.4877132967815534,9.640137023597969,36.073535063139595
4.170936252179361,72.35593540918033,26.07275611555587,9.068072536055503,39.734147314380394
2.018703678729974,61.09586784166986,18.264234276167826,2.67299668810597,89.07916242786891
1.4987851315118024,11.390725481902209,19.779425877493583,7.809189910307799,32.297962046421446
3.9242884078265172,31.627537718497432,6.157795513956067,4.536141784546219,45.87360660100391
2.9606605710822977,91.90871279685557,26.244694628221623,9.160583313018277,87.61764332480354
4.326180733111908,96.45812044363112,13.964999915071722,0.4747349743309437,50.72145798355864
0.8760291446681521,39.02761417723431,7.730612738189918,1.6994059136106732,69.3318305092606
4.789416985288918,19.541958841062247,28.78137816945693,7.6083884032120705,8.092787665781488
3.3842555245635055,67.60189600893783,9.944229709773719,6.464270380582821,56.20073305102342
1.340114532265694,93.77054325359795,9.053800198817806,2.5518651229354217,90.1842105263158
3.700232591873709,65.64487180661818,13.538967550299159,6.324462346907863,45.96106129799407
1.2177188229238527,67.3328307401955,8.118320855855817,2.728359766764573,89.87233011578711
1.2298097072470306,33.23771350361646,9.937531809339843,4.541790117022693,56.23530861603703
1.3568877709985727,19.30075361587663,16.252157149896853,1.2887740467047515,45.936111366313874
3.600036535949758,94.39471258625966,12.803868649931347,9.011053131506767,45.925077300393994
0.9424246600663899,4.295762737564457,21.6410663254152,7.610215729814965,25.698789721105808
4.293762084345881,5.681767839998142,23.307211648704914,3.7653873279658177,13.598200500701184
1.8650193470698937,17.302392134329693,29.880472653075813,0.6366358931886362,45.97957504180519
4.2215360657359975,63.94944354905275,22.052413327856016,7.117171199217964,41.869453321382245
4.362955182829321,18.37920698561083,0.0247385050405613,5.985284890432662,28.851151425504142
2.0923638769550026,12.37873311171377,5.584162623127166,3.317493124592229,56.36767360642162
0.8160501689901645,5.691320212845086,27.480787644973326,3.121027493536962,45.99654703811331
4.920038138631132,96.43670083303999,4.277138469813414,7.149243028961909,46.00000000000005
3.2036220010718113,69.06470731051536,2.8857300004342434,1.8856007863455804,69.28816136532133
0.8448739765289668,60.41342052170712,29.597732275472733,6.719845376579414,88.98765799280629
3.6984269075986833,98.45850415432811,20.340346625153884,0.4018157262847033,61.0880577388151
4.401525203854689,36.46782903787963,0.13090864544146097,5.072341775608206,27.44994971807849
4.716567503943186,25.73306871949832,14.745395191585198,1.7377688778239075,17.909913485657082
0.7596170224989804,8.054494671311318,21.810327178840662,8.64074470742149,24.577950333906976
1.14484477663621,28.831856781046874,5.85088402934482,0.2685577692642793,64.37766359167465
2.9904411644914264,69.99221701376476,19.436324426552115,3.8805354730224764,57.6280110819232
2.997546106729574,9.409930663622468,4.629111561680533,9.317946195529833,36.19438931017713
3.9267848651895356,92.27390958251674,27.500408534981016,6.4939261710774066,40.46464999647527
4.677073916504743,41.67041030824632,0.10848734354822809,0.6257111584615938,23.341917298159725
0.9926929656536685,9.535345318286026,10.551071725507903,7.012708071093576,41.17879884303182
4.057919629702227,59.021327434462464,4.393085236709386,7.479016021481753,59.87080284037827
2.0966086361191953,1.2993348671796245,8.41765861598248,3.306005541409779,54.75532173490046
1.734104908481463,81.18701531875855,22.797791927822708,6.955520304126415,90.1842105263158
1.1255228533051937,80.7833909706282,20.315278849899713,1.9483768648139188,90.1842105263158
3.4164226862668237,48.3511641003681,13.180501855686751,1.1212316347238882,45.87700338937699
2.832369241303244,9.993180897236364,4.9276016176279995,1.325463142747627,42.406005752466136
4.793487255815034,28.486469044389008,10.656129707880233,3.220806062960361,21.61956925937083
4.542127003301647,56.296591133488846,27.57479696799935,2.9992490582789557,35.34820090784017
1.0167560349437703,55.62184527241746,10.366109753700526,8.019068334907484,66.99738214805548
4.457405340102463,47.257351090707175,29.14077072256525,5.530130063444059,40.66538839916111
1.719141770238406,48.89755153442745,1.119308772087828,8.040011602630676,56.13887252923819
0.9564577288448943,30.874848850300495,16.9594964101483,0.4297512564689887,56.13201581319271
0.8569260463165171,69.61163576130129,2.153312791823062,4.770828662473765,90.13995157033153
2.024130350393377,22.807940795641645,5.663366935909963,7.634112937325794,46.40073670710186
4.781939869176272,14.017974220333173,28.790436575223808,5.947625034751037,7.428571428571429
3.387471824134657,70.99263781425819,21.12356671063743,8.198111081856883,45.591813174329516
2.6756089310646387,53.33585875147011,9.714810073902477,1.0525759378311705,63.28925999280971
3.490880859167986,3.360996918625092,8.269051532501049,0.9422986444610026,34.53587180299292
1.3582722079522314,63.873091289738085,18.854298906147545,4.210549129957121,89.44242209306383
0.9057738942027103,43.33739164594084,10.582346155748802,7.204591528559497,51.48207848366982
3.105619736895733,49.1565767336999,14.609462469149856,9.66296887260419,36.1007741154467
3.9033239976655274,49.697956046012784,14.376678386669328,0.2647910130496345,45.84165517767511
4.74129168493913,31.917397176732965,7.678172456422313,9.994089253876714,23.488419785041085
3.73410352177036,4.736377329928798,1.8565643107672936,0.2550156396019787,36.067746697120405
3.198285047807911,7.156450006195181,28.001650705347917,9.369065400226779,23.42657639162652
2.957243300366359,61.66389313959508,8.756832045757495,0.6397254240827333,64.67568082818975
3.81857200336317,10.178598874901745,2.566729230551794,3.1122310920422382,36.07668635828023
0.5560954692704693,43.4035615756316,21.2304273024023,8.01348931421939,45.97525113568366
3.219382867095146,84.68742031139126,12.19506611301331,8.487720850604767,45.88536887651163
2.779129897242707,22.30361279982953,28.32436939981398,2.749708738371165,40.93406862152687
0.617906678845069,24.267404295502693,11.000626837722832,3.513496832892641,53.11121703549621
2.8610037924960725,88.31268820359234,8.770146813290975,5.207706079591689,67.39411701234675
2.030625291598157,82.17730593732004,4.728045398654351,1.035102683100585,90.11422311849257
2.763478639569208,67.18875857654919,23.865756032722995,5.896248529053164,88.19532991192168
3.982323925935503,39.27100585609238,0.9860301079940692,1.1609930790155654,45.843059694673066
0.6742517055304829,32.894365047649266,14.86474023806047,3.563174836569394,56.18745618577974
3.022697637798765,48.06091484927877,20.33828405591821,6.669621635634062,34.44833265269857
1.9312886619890577,34.62144553610915,17.5544346492391,5.964324678908418,45.90243668266879
1.916149611367099,33.03178857754252,20.821350395584414,6.474108228760695,45.66982172899801
1.1077286210589863,44.104187967539346,26.781182361317708,0.36305676104475215,69.31003951278014
4.348237759178962,16.31781570641436,15.217458973851478,4.243364289230115,11.985395766333724
0.5455820180365647,91.5396937089632,13.64775682002917,9.54268276760615,90.1842105263158
1.7903475544064804,86.62757734159725,27.671687219868915,5.568324163707806,90.1842105263158
1.4120500454047287,68.524743210572,16.469341995883802,9.445296658526258,90.01395791236939
2.476724278147213,26.8513647639822,4.148610044823213,6.986335686866795,49.29345785488144
4.88349328541262,2.8343770571398474,22.213360643343805,9.269303625596667,8.080739849586115
0.836516904023072,11.017004510613315,20.75871295349126,6.479633758957883,34.619696541322504
0.8097233689231056,83.44227521511564,15.702715435346771,9.071973733366125,90.1842105263158
4.450958964467169,81.25077690501658,15.47696688733264,2.5171064174943227,47.42528671505488
2.7768897676000965,10.081137780178008,19.765384454202785,1.3397721922900763,35.10387381663795
2.8002783312532538,5.438197416681778,8.985374708239377,2.3208046066978785,43.86988737614507
3.290141942202517,78.67867120225087,1.7190886362157842,8.502836851553843,69.30906580093497
4.37345462729572,34.22690742880228,19.770121979109664,4.026130317034495,31.35263500486995
1.1938589698533417,52.866241856311035,2.5907902350478995,8.784721553959878,60.49320745583626
4.659303917343238,82.16131370114036,16.87584362267936,5.575985911254549,45.943364911931916
4.930733194704184,24.79016898311829,2.2784509771562247,5.619409236011777,23.677008669698555
1.979535190145465,32.23387728080442,0.2125606250984413,5.96239409547933,69.26092775874213
1.6881516602402633,18.7858548192681,1.2129579417901115,3.643615764756113,56.47472540584052
4.455359925739058,33.66708075973723,20.37222630358781,7.565469634019073,28.063102972891578
1.976453641355898,82.16407350120413,20.756389790008473,5.592422287009516,90.1842105263158
0.5044660882278301,3.509076592280813,29.725975323181903,7.822839235035594,23.342943996036123
4.719043664478262,90.23032049180276,0.6132894942825251,7.918472897910739,46.00000000000005
2.5301558480501956,78.95582040006556,0.20147352490155424,2.8819930120056423,87.55666543551644
3.88095699106086,79.30207886015897,18.591438036438717,3.0125618944626376,57.028701995731076
1.896631660795383,96.67639636420327,13.176365377026135,4.47125550243837,90.1842105263158
2.985497376083148,40.95023368643888,16.580146937922425,4.323354227675579,46.424997448143294
4.22021713820984,90.9051019798284,27.96330779446085,5.6429620582938655,40.65769360589067
2.489668508590229,70.52400587918379,25.149707738877197,5.629822420663771,88.95976516437635
3.649914598200176,74.9729350721248,20.2918133015186,7.461335557293095,45.67454193952152
1.4389039965019927,49.83745470217975,17.648056638152617,0.024779308570230807,56.10947698556191
4.351831289661568,61.00245084449121,3.874089950946098,8.163570725758271,50.467057211225104
3.726756348982451,75.8299543463637,11.761273855855686,8.542025066949922,47.128359137444136
2.3631241195956303,57.05091529455913,0.019269110996211758,6.448731146778623,72.04199174368313
3.7317910645757153,56.71093654887923,14.896764511308481,8.099364737117083,39.67434441621169
3.566177227243588,27.807403972002298,28.772200142399576,7.072671941953407,23.641187552924
4.945725180105911,97.12613162688683,27.567291684302695,7.553715412253076,38.38095238095237
3.2424321582363533,17.21706636829242,16.300542522712732,7.653765223943273,23.40367142660363
2.8438572141750553,86.82391284056578,3.289676975750948,3.809403480486341,74.8518080686488
2.7768398836714576,43.23252958691081,3.2575964346465924,1.5352829404463053,54.7390267580424
4.269277817849693,48.4384259201451,1.4616728025818293,0.16491258977649914,32.161389064792836
2.6306393089744695,16.437872592444368,21.153778379976657,7.9532346252775135,30.485907202906834
1.5273351880569752,59.217694488178076,4.63333930456158,3.03582651594387,87.15812771891825
4.49957972381645,54.40980914823108,26.576660854326004,2.2524780417950696,55.50063038858012
1.985109544618997,47.095213845681705,14.402402255836286,9.976479671837005,45.90710156450019
1.0150039353700855,85.19650356015907,25.910461182656103,5.531986315377874,90.1842105263158
2.0481672571661917,51.92261042882962,8.774031144196915,7.9910744843993955,58.87504109952705
2.7422562141964857,92.58421788774506,18.680740330681314,5.143193331146834,64.74536608998406
3.6998120928994354,50.39329644302343,27.135190512583414,1.8444596088684129,46.633187786682875
4.880069076856575,81.2190551851192,25.822000855946087,4.8290783237107116,40.5893949797252
4.267406972019188,30.677408357720516,22.858445356925255,1.4045015838902264,45.66679238566606
1.8817336218312892,44.57326633597328,9.669591544302655,3.8701711562418364,60.036655759198815
4.190471351526641,25.667589214216758,22.358435164637168,0.7371206911165185,30.237497391288407
3.9458259838177736,79.2023242829773,12.05096326507446,7.224778231674705,45.862527849083044
4.618122816852946,80.07129735545269,11.713395311908796,4.842135142800644,45.84998839748653
4.007108951536124,29.259458984912357,24.116482209266206,3.280711425609412,43.6153293265865
4.126957620734922,8.680044335072335,1.331918907317704,9.976754473698223,36.16006782209406
4.412557054556101,88.28475034662038,28.538398428198526,4.383163094144878,69.04305515110036
1.790759996060685,13.002499501790298,15.036274006153935,2.200483204766078,46.00000000000005
4.709978855326939,0.40031624427790957,4.295902132293648,2.464758530834268,23.333333333333318
1.3953052021693777,22.57784365797103,19.68142815183535,3.2751207831314924,50.19747603048752
3.2676097185651796,89.02579336462912,18.076702965771062,6.945327912863815,45.86579934256365
2.144764841996108,15.973846762270917,9.617521873497184,9.64282648704108,41.25516943093566
3.298151230039117,27.75111194340152,13.527458014863114,8.355130374309944,36.15272057870349
3.5079960681759808,56.065284072916825,26.554886299015234,6.724395722167903,23.81041881683541
3.3922837885599293,18.976813721076812,3.191660490372233,9.65142117057399,36.070635092986905
3.1948626654515873,41.56834091464291,17.670624627306527,0.6181196107171538,45.928659773595804
4.19957273256848,21.664553556433596,24.13638018953841,5.343784432636106,8.856860435431559
1.7445740614560625,3.020994824207046,24.475000659798173,1.7646014146930666,46.00000000000005
0.7331230203794306,75.58777308258809,10.501296671189364,3.8933400559165,90.1842105263158
1.6118041427632355,85.91784786968971,8.919885783195962,2.1019256975102385,90.1842105263158
1.8916237685127024,20.314957516739696,9.529656624156225,0.8293622286817304,53.752640734444626
1.2133851310375625,41.70528833961479,26.38400566769629,0.5729074672228585,69.32886743501443
1.457036180420138,90.83456755415963,26.70044022479765,6.7945083329594125,90.1842105263158
1.5821309934285708,41.981056105578574,6.336629833138952,1.2858850912520325,69.32738187028777
2.2099927753125117,57.58216050703502,10.797980263944156,6.108245504659697,74.30520781592969
1.8331463092068745,34.58505277607903,23.72020774933829,8.783147308938581,45.94231415635161
1.9491533668897343,57.15158013452763,8.344868516768042,0.5333464170742752,78.3509756204246
3.820357316121836,17.100348323615034,12.771375712407515,4.870454933791568,23.436970743943988
1.3301221288059766,9.455535066339626,10.440390440132118,9.522859075503185,39.13453455078068
3.2681101549478964,38.14102284029025,1.1673246232264478,6.002732813910818,45.916028564277035
0.9151593842091766,54.25440710475263,22.558515248152286,4.235853482947864,76.97812919275394
1.8473517266743598,4.73842338175986,0.7433362548479039,4.300265696455212,59.46721610506611
4.475053718163355,24.40627787931904,17.22166517345464,6.843058196797617,17.704594833406524
0.7737344037561265,15.31003758033771,9.938303802587011,6.7009317414857055,45.26210201531677
2.475658005026436,73.41950682182453,26.027935967195777,7.583722765985429,88.99754272835386
4.965112432909621,75.43610687316496,25.565375850223518,8.32366358465001,38.38095238095237
3.7861959302602095,80.18018166558906,28.040496836022307,4.752073785262926,69.06061636624678
3.3722916076064458,51.49397215727727,25.53110961576219,4.313596028715073,49.246316747982924
4.188770470151298,79.93545750571388,28.856583041057718,2.4892069925741875,69.14605516501004
3.693287794486605,75.69194976474863,28.08835478413997,9.06902418055531,40.81455269499529
3.0808663776880176,57.91531858639798,5.018736852126882,9.74962702423771,56.72606566797485
1.6475785821654207,72.47362184512922,23.873850144159377,4.41215504611381,90.1842105263158
1.450371740130761,18.896038421968676,25.694880027047752,5.107564867485149,27.533050813494384
0.9056164191722001,71.70194727628886,7.505131584150888,8.763947507508792,90.1842105263158
1.8930730371348887,20.027083009014312,2.54575330664803,5.115311366376475,69.27725024809176
2.528319145182293,75.13121446031428,13.93807761579109,3.4381596892437107,84.66789060895512
1.6774471203482484,27.81467454699711,27.83543705483442,1.6507860208781233,61.07263860607921
4.946793910507176,32.69194551922248,2.651707062524924,2.48690380787865,23.46371650247391
0.7628647079957842,79.00297691639159,15.376587376233164,3.3698661886680092,90.1842105263158
3.479223220842031,63.06465259503202,28.196162676827708,9.612605167483796,40.90155488375469
3.5630769904943236,81.78159272441685,23.772753010055357,4.9130353269989975,69.02158010712765
3.670062296150376,7.82590076835702,22.740632494509207,9.618330071923676,23.36629019345618
0.882386389065823,83.61157845918545,27.989400799478137,2.261888898020621,90.1842105263158
2.8616503442414167,92.78582254629885,28.80678013568904,1.2788238435231636,74.19814866863136
2.070519014999528,69.81446411508566,6.646754981577909,3.2477062863448083,90.0215645654266
0.6048097700211197,15.35216809311989,16.869884832532314,6.530900663041828,40.07405848268107
3.420103239931266,77.83604707782168,12.458442412163745,2.734907162411555,57.03214155785677
0.5701131501913624,20.66298260523869,9.371634366061118,1.7820685648046553,54.12765079388208
0.5906501217347102,15.744760866519158,19.98298660702717,6.295854164725958,39.54874064114395
4.710576377291191,79.81682913973093,17.032683505235735,1.3755634749321133,45.934653144723036
3.038323185163206,6.159506091418077,12.926546922325583,3.9025862894719543,23.527763437347502
2.4251621421332374,27.982591839478722,20.574913428714712,8.409444672987794,41.09797553969352
3.958326466695399,62.775209579088035,16.1503439799904,0.3108418000803037,56.13075174220822
3.7532029941136456,54.49829395784974,8.122231519916607,3.2784203885344168,54.811874998339995
4.710230539113836,62.436224511722706,14.277373039725848,6.2092173970840765,45.89622122038149
2.3618404624354565,47.01822732030162,8.70927770123011,4.398533005916445,63.50769479118856
3.585165045970597,3.994192508646921,23.850822218884645,2.829795408613128,23.3422451390623
3.5715190704462487,64.272531468006,19.57884147423916,6.081289162558029,45.74132880598437
4.8159582713129065,50.83441626953908,21.96957346546054,7.054493312345777,36.49565501768605
1.5632040977524866,28.33058391868256,12.720512944709036,2.7769793046320923,56.04284723889032
2.1503439451848188,39.09606139283059,18.115936828150318,2.1989004273506163,57.38553549351821
4.119313396445093,43.75363567715046,21.187323350497405,0.8144248124081788,41.48674108885749
2.614844273559651,2.821953217732831,20.27729975446694,3.4371007699706957,41.55836911748453
4.771637663476229,32.412421460141935,16.914176940531807,2.573875756946147,23.472457173712762
3.2905068302630314,46.704235013323455,11.118847845168986,2.036893490801799,45.91584337261219
1.001846047871549,11.987913395667327,29.971200525166594,4.123107268572347,45.79805849939693
0.5086836854300276,95.29287906260143,0.5993977268943795,4.185861255545337,90.1842105263158
3.7286491368679515,91.45992443717617,21.38658874296303,4.636257549000118,60.046326687431254
4.884989175428466,3.9319383033270427,29.60676607614024,8.493915517084389,7.428571428571429
4.680185077068616,25.477242409753664,4.273742168528093,6.6331527937270005,23.716324751486066
2.82136747093754,52.316796074437946,27.73857535449653,6.2008090665326225,54.51489711189201
1.8997872579706545,40.0066556417876,4.004875052755538,1.9231404027568932,69.33333325952862
1.1450753159429232,81.02913412113544,21.146204039163564,5.303450176108519,90.1842105263158
2.1846552513240685,66.84942903243505,24.38716043087283,8.81233215671709,89.74766862330888
2.9615730269285008,81.98851218197008,15.339178602380851,4.745300891878909,52.052295322290306
4.394443350299451,38.6373936264664,11.877380371221069,3.0491134528491615,28.497124944031057
2.834157777325775,54.485003368946074,19.81383435931371,4.305023101095705,61.61468716208767
1.480267813476197,86.68420624138759,10.38002601714043,9.229434198401748,90.1842105263158
1.4330899986190508,56.00574762362305,16.098452805883568,8.286478479269952,68.09742411569782
1.124831240378734,90.99371729174614,15.942845165162105,5.861093839143664,90.1842105263158
2.795748319839952,3.602490683626647,14.912719854197944,2.635496626769905,34.277950459782836
2.0420968117002416,64.910159918714,14.930913884223179,0.9321821266746044,89.57406961912817
0.8286857364279152,18.565769561737035,5.72655439716671,6.083007569713649,65.70620830282962
1.3001650882049427,88.17194232747705,6.2928198184023945,0.9113144542638263,90.1842105263158
4.440857073618411,29.5327576076733,12.762678895012074,9.590263840124424,26.35095067115904
4.749661486209982,71.49168892649178,2.0681685519766413,5.933401254113974,46.00000000000005
4.95085070769016,94.69162284239805,3.1800747755982863,3.9596730309036863,46.00000000000005
1.919915356562777,12.972810690490554,20.843949337462828,2.7384836436023674,46.00000000000005
2.0518961140638403,9.035887670141795,14.93902676335997,1.5816786365205648,45.99743966479306
2.444406906107701,14.33422221033015,28.615496698504373,1.449825331971426,45.86326740936988
2.8484921923278494,19.69798253189875,2.290854104178277,2.0230861884209816,41.71332669496213
0.7464834832569625,13.939738312098882,14.804524732896509,6.518155210575742,40.537232783431975
0.8930291678230255,44.10186239042685,17.437410685600558,2.342256762110615,56.73104127189304
2.174352851822114,7.183486973360864,6.603932406992847,4.667529259189401,62.69260685167304
4.95698980516395,99.62650629391334,29.38865043372864,4.230863863003275,38.77444659541281
0.8630617028659926,32.35734372493335,7.131431261129318,0.14126574909854583,69.26289847792053
0.9285512462976893,45.31919350490661,10.18987391412891,1.8035372163448304,59.53404851916051
